{
  "name": "foundation",
  "version": "5.2.1",
  "main": [
    "css/foundation.css",
    "js/foundation.js"
  ],
  "dependencies": {
    "jquery": ">= 2.1.0",
    "modernizr": ">= 2.6.2",
    "fastclick": "~0.6.11",
    "jquery.cookie": "~1.4.0",
    "jquery-placeholder": "~2.0.7"
  },
  "devDependencies": {
    "jquery.autocomplete": "devbridge/jQuery-Autocomplete#1.2.7",
    "lodash": "~2.4.1"
  },
  "private": true,
  "homepage": "https://github.com/zurb/bower-foundation",
  "_release": "5.2.1",
  "_resolution": {
    "type": "version",
    "tag": "5.2.1",
    "commit": "265cd4c88db260c497f3e138bb9fac20471bec0a"
  },
  "_source": "git://github.com/zurb/bower-foundation.git",
  "_target": "*",
  "_originalSource": "foundation"
}